period,labor_force_thousands,unemployed_thousands,economic_reason_inactive_thousands,wants_available_inactive_thousands,involuntary_part_time_thousands,u3,u4,u5,u6,weight_source,weight_vintage
2005-Q1,20857.399960,2121.333220,269.812970,1155.104790,741.577130,10.170650,11.317850,14.884440,18.253330,FACTOREL,current
2005-Q2,21129.717910,1969.137220,264.234470,1000.342670,780.365530,9.319278,10.439266,13.418309,16.944578,FACTOREL,current
2005-Q3,21205.626320,1783.538820,275.626580,1066.342330,736.996870,8.410687,9.585872,12.795821,16.104899,FACTOREL,current
2005-Q4,21369.499670,1860.284440,260.143230,999.614210,737.022190,8.705325,9.803341,12.785033,16.079854,FACTOREL,current
2006-Q1,21521.253360,1942.813370,243.075240,980.440070,771.553560,9.027417,10.043446,12.991260,16.420129,FACTOREL,current
2006-Q2,21726.011520,1834.413950,248.519090,893.203410,783.293180,8.443400,9.478851,12.058851,15.521805,FACTOREL,current
2006-Q3,21857.808950,1766.851860,234.048550,911.454900,733.070270,8.083390,9.057185,11.762817,14.982377,FACTOREL,current
2006-Q4,22014.832910,1819.441070,195.591210,836.243820,785.188000,8.264614,9.072462,11.621706,15.057815,FACTOREL,current
2007-Q1,22130.751830,1863.227160,206.353080,813.804370,806.427150,8.419177,9.265213,11.667393,15.182070,FACTOREL,current
2007-Q2,22354.132530,1773.188660,162.062140,665.198690,782.626270,7.932263,8.594928,10.592781,13.992646,FACTOREL,current
2007-Q3,22559.565640,1806.171630,181.667780,717.502390,747.145420,8.006234,8.741124,10.841890,14.051681,FACTOREL,current
2007-Q4,22659.867140,1941.978220,189.769930,762.912710,744.145220,8.570122,9.329462,11.548121,14.725136,FACTOREL,current
2008-Q1,22810.433100,2190.480480,184.113300,735.185890,774.022820,9.602976,10.326769,12.425523,15.712856,FACTOREL,current
2008-Q2,23032.639660,2385.691630,198.379160,734.836910,817.787570,10.357873,11.123364,13.129406,16.570190,FACTOREL,current
2008-Q3,23157.140460,2600.695460,230.406970,798.873700,817.545290,11.230642,12.105170,14.190880,17.603573,FACTOREL,current
2008-Q4,23262.111980,3206.830090,262.169710,810.209090,945.259780,13.785636,14.746464,16.687378,20.614128,FACTOREL,current
2009-Q1,23302.609810,4018.167650,282.186700,860.590630,987.400030,17.243423,18.233587,20.190861,24.277241,FACTOREL,current
2009-Q2,23293.828300,4139.581980,308.309860,865.588600,1034.992170,17.771153,18.845292,20.717266,25.001277,FACTOREL,current
2009-Q3,23219.839680,4121.403020,355.319140,993.406320,1053.691200,17.749490,18.989150,21.124013,25.475727,FACTOREL,current
2009-Q4,23225.418900,4334.989680,376.310880,975.607240,1136.321430,18.664850,19.961675,21.943685,26.639029,FACTOREL,current
2010-Q1,23270.549290,4617.695720,404.595520,987.667560,1161.141210,19.843518,21.213350,23.107071,27.893660,FACTOREL,current
2010-Q2,23406.412300,4655.305750,395.734840,961.674040,1232.754920,19.889019,21.220945,23.050558,28.109449,FACTOREL,current
2010-Q3,23404.381800,4585.376280,390.055120,996.805420,1207.173020,19.591956,20.910062,22.876681,27.823870,FACTOREL,current
2010-Q4,23377.094710,4702.173930,374.357170,949.093950,1271.982100,20.114450,21.373561,23.231210,28.460069,FACTOREL,current
2011-Q1,23347.329330,4921.172050,401.672630,979.998570,1309.026850,21.078094,22.412919,24.257373,29.638263,FACTOREL,current
2011-Q2,23466.185320,4844.221320,388.754410,926.714180,1384.994200,20.643412,21.936655,23.658260,29.336118,FACTOREL,current
2011-Q3,23482.485840,4998.009840,400.220210,953.684840,1304.671090,21.283990,22.603092,24.356086,29.695184,FACTOREL,current
2011-Q4,23440.326090,5287.296900,395.558230,987.626550,1355.979910,22.556414,23.841596,25.687472,31.238407,FACTOREL,current
2012-Q1,23432.987060,5667.879590,423.705630,1012.778210,1424.143760,24.187610,25.534073,27.328487,33.154215,FACTOREL,current
2012-Q2,23489.516630,5731.026970,435.346650,1010.294250,1470.595190,24.398233,25.773914,27.515809,33.518285,FACTOREL,current
2012-Q3,23491.934030,5824.233520,473.008000,1135.652500,1489.994530,24.792482,26.276890,28.260528,34.310632,FACTOREL,current
2012-Q4,23360.391590,6021.029870,491.207660,1144.714640,1574.325960,25.774525,27.303148,29.241842,35.666324,FACTOREL,current
2013-Q1,23308.406780,6278.218440,486.780540,1154.394960,1643.634120,26.935425,28.430114,30.383328,37.102240,FACTOREL,current
2013-Q2,23207.883990,6047.319070,503.787290,1164.657120,1726.702930,26.057176,27.628193,29.590580,36.675204,FACTOREL,current
2013-Q3,23173.402730,5943.353140,505.514440,1172.117300,1606.105660,25.647304,27.234639,29.227022,35.824152,FACTOREL,current
2013-Q4,23070.870360,5935.643710,475.047480,1101.841820,1736.726790,25.727871,27.226338,29.113347,36.298005,FACTOREL,current
2014-Q1,22883.897120,5933.301040,489.334470,1127.640500,1712.971070,25.927844,27.478594,29.406453,36.540403,FACTOREL,current
2014-Q2,22975.872770,5622.860330,463.971330,1055.281190,1802.243670,24.472891,25.967885,27.789517,35.289130,FACTOREL,current
2014-Q3,22931.673470,5427.668530,474.729010,1135.204160,1657.869720,23.668872,25.217021,27.269315,34.157910,FACTOREL,current
2014-Q4,23026.827320,5457.746560,435.395780,1018.596970,1769.063540,23.701687,25.117579,26.933788,34.290961,FACTOREL,current
2015-Q1,22899.415130,5444.627770,403.293140,965.404940,1752.180350,23.776274,25.095456,26.859757,34.201863,FACTOREL,current
2015-Q2,23015.548080,5149.009980,378.364590,907.712830,1784.935970,22.371876,23.627405,25.317296,32.778386,FACTOREL,current
2015-Q3,22899.510990,4850.805120,373.641840,1006.718010,1716.258680,21.183007,22.448385,24.502079,31.681207,FACTOREL,current
2015-Q4,22873.666900,4779.507400,375.672780,917.100660,1760.101690,20.895239,22.173448,23.944617,31.342872,FACTOREL,current
2016-Q1,22821.013200,4791.407550,362.236700,892.148610,1749.209100,20.995595,22.230034,23.967939,31.344472,FACTOREL,current
2016-Q2,22875.658150,4574.683720,356.152630,858.897160,1693.247450,19.998042,21.224503,22.893123,30.027225,FACTOREL,current
2016-Q3,22848.330570,4320.807120,361.862850,912.752210,1654.235920,18.910822,20.175058,22.025761,28.987716,FACTOREL,current
2016-Q4,22745.893630,4237.799120,336.810520,876.570220,1714.947940,18.631051,19.818344,21.650448,28.910267,FACTOREL,current
2017-Q1,22693.291860,4255.027060,316.497460,868.589270,1685.169650,18.750154,19.867737,21.745362,28.897463,FACTOREL,current
2017-Q2,22727.611300,3914.300140,303.958820,803.261350,1659.224480,17.222664,18.315117,20.048392,27.099658,FACTOREL,current
2017-Q3,22780.944410,3731.731100,315.119170,876.700720,1583.345410,16.380932,17.521818,19.479673,26.172416,FACTOREL,current
2017-Q4,22765.025090,3766.672320,302.524890,778.476700,1607.349710,16.545874,17.640353,19.305323,26.132471,FACTOREL,current
2018-Q1,22670.284090,3796.078880,286.724850,784.870350,1540.424940,16.744734,17.784563,19.530672,26.098204,FACTOREL,current
2018-Q2,22834.167000,3490.100700,275.512540,749.136340,1571.425510,15.284555,16.294528,17.975586,24.638883,FACTOREL,current
2018-Q3,22853.955320,3325.975070,284.674700,802.986220,1475.834620,14.553170,15.604423,17.453487,23.691972,FACTOREL,current
2018-Q4,22868.845490,3304.292300,263.379180,762.416660,1527.094700,14.448881,15.422950,17.209021,23.671201,FACTOREL,current
2019-Q1,22825.354510,3354.222850,262.271470,751.796530,1508.012540,14.695162,15.664210,17.415248,23.811324,FACTOREL,current
2019-Q2,23035.537320,3230.627720,240.806220,671.587030,1561.736080,14.024538,14.914000,16.460093,23.047717,FACTOREL,current
2019-Q3,23088.704140,3214.380650,241.047630,764.962730,1463.906050,13.921876,14.811252,16.682313,22.819340,FACTOREL,current
2019-Q4,23158.812160,3191.928240,231.202360,711.717300,1501.813790,13.782780,14.635008,16.353410,22.644908,FACTOREL,current
2020-Q1,22994.225770,3312.961150,243.333490,785.491590,1449.528100,14.407796,15.304080,17.235078,23.330727,FACTOREL,current
2020-Q2,21975.177720,3367.957530,334.452220,1628.539150,1257.192850,15.326190,16.595568,21.168262,26.494512,FACTOREL,current
2020-Q3,22899.796470,3722.927110,369.212100,1142.700960,1348.448350,16.257468,17.586221,20.237615,25.846219,FACTOREL,current
2020-Q4,23064.069850,3719.782840,344.048530,933.638330,1494.765810,16.128042,17.360778,19.391107,25.619892,FACTOREL,current
2021-Q1,22942.953460,3703.315740,326.004680,1099.050630,1404.811860,16.141408,17.316291,19.974900,25.818057,FACB2021,current
2021-Q2,23302.497460,3586.355070,259.930620,924.102820,1556.060690,15.390432,16.323809,18.617791,25.040734,FACB2021,current
2021-Q3,23570.642290,3467.353470,228.821540,908.584020,1442.007890,14.710475,15.530497,17.876127,23.766868,FACB2021,current
2021-Q4,23423.548630,3148.712450,161.069010,780.711800,1410.062080,13.442508,14.033645,16.234432,22.060109,FACB2021,current
2022-Q1,23411.334280,3214.671930,170.634410,784.682610,1404.577930,13.731263,14.355487,16.528979,22.333975,FACB2021,current
2022-Q2,23601.882730,2994.701060,146.586440,735.416750,1405.155700,12.688399,13.227326,15.326753,21.100425,FACB2021,current
2022-Q3,23771.226450,3025.790930,176.876860,820.202840,1347.252010,12.728796,13.373367,15.639570,21.118113,FACB2021,current
2022-Q4,23722.271690,3081.605170,140.938520,739.626990,1398.661040,12.990346,13.504234,15.621159,21.338872,FACB2021,current
2023-Q1,23820.549070,3186.348870,136.093970,688.384460,1399.201720,13.376471,13.868566,15.809473,21.518419,FACB2021,current
2023-Q2,24066.665250,2808.243000,139.324380,683.260680,1372.966720,11.668600,12.177017,14.107128,19.654485,FACB2021,current
2023-Q3,24340.986230,2894.525310,157.457470,779.981190,1294.645360,11.891570,12.457864,14.627249,19.780894,FACB2021,current
2023-Q4,24250.566490,2860.831820,155.704510,732.057590,1380.138510,11.796969,12.359677,14.381553,19.905947,FACB2021,current
2024-Q1,24227.876140,2977.880430,140.024020,713.638350,1323.565660,12.291133,12.795130,14.800700,20.107377,FACTOREL,current
2024-Q2,24439.994790,2755.308860,125.390160,615.558740,1354.737400,11.273770,11.726659,13.453575,18.860509,FACTOREL,current
2024-Q3,24577.130520,2754.099260,137.613640,748.244130,1311.475990,11.205943,11.700355,13.829384,19.007890,FACTOREL,current
2024-Q4,24453.338550,2595.482930,158.353110,703.692240,1363.647660,10.614023,11.189138,13.114327,18.534870,FACTOREL,current
2025-Q1,24554.549760,2789.180720,142.487700,646.823490,1418.593110,11.359120,11.870527,13.634194,19.263225,FACTOREL,current
2025-Q2,24821.777190,2553.065050,128.701330,622.476290,1373.456110,10.285585,10.748357,12.480387,17.878290,FACTOREL,current
2025-Q3,25000.279740,2613.183740,138.324880,729.280990,1271.873870,10.452618,10.945351,12.990757,17.933997,FACTOREL,current
2025-Q4,24940.394020,2477.122460,116.175000,632.859430,1361.894690,9.932171,10.349771,12.161072,17.486538,FACTOREL,current
2026-Q1,25001.557340,2708.607160,128.612110,596.507540,1371.087300,10.833754,11.290092,12.911580,18.267795,FACTOREL,current
2026-Q2,25274.271330,2495.313850,109.297970,581.597810,1366.362490,9.872941,10.261015,11.900245,17.184780,FACTOREL,current
